{
  "$schema": "http://json-schema.org/draft-06/schema#",
  "title": "Customer",
  "description": "A cutomer created based on request",
  "type": "object",
  "properties": {
    "contact": {
      "description": "Contact information of the customer",
      "type": "object",
      "properties": {
        "name": {
          "type": "string"
        },
        "email":{
          "type":"string"
        },
        "phoneNumber": {
          "type": "string"
        }
      },
      "required": ["name", "emial", "phoneNumber"]
    },
    "event": {
      "description": "Event the customer organizes",
      "type": "object",
      "properties": {
        "name": {
          "type": "string"
        },
        "info": {
          "type": "string"
        },
        "location": {
          "description": "Location where the event is conducted",
          "type": "object",
          "properties": {
            "street": {
              "type": "string"
            },
            "city": {
              "type": "string"
            },
            "zipCode": {
              "type": "string"
            },
            "state": {
              "type": "string"
            }
          },
          "required": ["street", "state"]
        }
      },
      "required": ["name", "location"]
    }
  },
  "required": ["contact", "event"]
}