{
  "squadId": {
    "type": "string",
    "required": true
  },
  "contact": {
    "name": {
      "type": "string",
      "required": true
    },
    "phoneNumber": {
      "type": "string",
      "required": true
    }
  },
  "location": {
    "street": {
      "type": "string",
      "required": true
    },
    "city": {
      "type": "string",
      "required": false
    },
    "zipCode": {
      "type": "string",
      "required": false
    },
    "state": {
      "type": "string",
      "required": true
    }
  },
  "schedule": {
    "repeatType": {
      "type": "string",
      "required": true
    },
    "startDate": {
      "type": "string",
      "required": false
    },
    "endDate": {
      "type": "string",
      "required": false
    },
    "startTime": {
      "type": "string",
      "required": false
    },
    "endTime": {
      "type": "string",
      "required": false
    }
  }
}