{
  "$schema": "http://json-schema.org/draft-06/schema#",
  "title": "Job",
  "description": "A job created based on customer request",
  "type": "object",
  "properties": {
    "squadId": {
      "description": "The unique identifier for a squad",
      "type": "string"
    },
    "contact": {
      "description": "Contact information of the customer",
      "type": "object",
      "properties": {
        "name": {
          "type": "string"
        },
        "phoneNumber": {
          "type": "string"
        }
      },
      "required": ["name", "phoneNumber"]
    },
    "location": {
      "description": "Location where the job is performed",
      "type": "object",
      "properties": {
        "street": {
          "type": "string"
        },
        "city": {
          "type": "string"
        },
        "zipCode": {
          "type": "string"
        },
        "state": {
          "type": "string"
        }
      },
      "required": ["street", "state"]
    },
    "schedule": {
      "description": "Time information on when the job should be performed",
      "type": "object",
      "properties": {
        "repeatType": {
          "description": "monthly, weekly, daily, etc",
          "type": "string"
        },
        "startDate": {
          "description": "The earliet date the job should be scheduled",
          "type": "string"
        },
        "endDate": {
          "description": "The latest date the job should be scheduled",
          "type": "string"
        },
        "startTime": {
          "description": "The earlist time of the day the job should be started",
          "type": "string"
        },
        "endTime": {
          "description": "The latest time of the day the job should be ended",
          "type": "string"
        }
      },
      "required": ["repeatType"]
    }
  },
  "required": ["squadId"]
}
